video_id,trending_date,title,channelTitle,view_count,country_name
jbGRowa5tIk,2020-08-12,ITZY “Not Shy” M/V TEASER,JYP Entertainment,560412483,"BR, CA, DE, FR, GB, IN, JP, KR, MX, RU, US"
nyzhtvtJWDQ,2020-08-14,SuperM 슈퍼엠 ‘100' MV,SMTOWN,529978556,"BR, CA, DE, FR, GB, IN, JP, KR, MX, RU, US"
wTowEKjDGkU,2020-08-17,ITZY “Not Shy” M/V,JYP Entertainment,1560652691,"BR, CA, DE, FR, GB, IN, JP, KR, MX, RU, US"
UUOGVgComrU,2020-08-19,TXT (투모로우바이투게더) 'Drama [Japanese Ver.]' Official MV,Big Hit Labels,242062401,"BR, CA, DE, FR, GB, IN, JP, KR, MX, RU, US"
oxoWhyS9buA,2020-08-19,BTS (방탄소년단) 'Dynamite' Official Teaser,Big Hit Labels,3709983373,"BR, CA, DE, FR, GB, IN, JP, KR, MX, RU, US"
gdZLi9oWNZg,2020-08-21,BTS (방탄소년단) 'Dynamite' Official MV,Big Hit Labels,15982262277,"BR, CA, DE, FR, GB, IN, JP, KR, MX, RU, US"
BV2FdDmGiW0,2020-08-25,BTS (방탄소년단) 'Dynamite' Official MV (B-side),Big Hit Labels,2557531334,"BR, CA, DE, FR, GB, IN, JP, KR, MX, RU, US"
ySo1_loUkcQ,2020-08-27,BLACKPINK - 'Ice Cream (with Selena Gomez)' M/V TEASER,BLACKPINK,972523337,"BR, CA, DE, FR, GB, IN, JP, KR, MX, RU, US"
vRXZj0DzXIA,2020-08-28,BLACKPINK - 'Ice Cream (with Selena Gomez)' M/V,BLACKPINK,4346416461,"BR, CA, DE, FR, GB, IN, JP, KR, MX, RU, US"
jUsUzbmSLow,2020-09-01,SuperM 슈퍼엠 ‘호랑이 (Tiger Inside)’ MV,SMTOWN,827362331,"BR, CA, DE, FR, GB, IN, JP, KR, MX, RU, US"
CN4fffh7gmk,2020-09-03,[CHOREOGRAPHY] BTS (방탄소년단) 'Dynamite' Dance Practice,BANGTANTV,1204096097,"BR, CA, DE, FR, GB, IN, JP, KR, MX, RU, US"
3CxtK7-XtE0,2020-09-04,DJ Khaled ft. Drake - POPSTAR (Official Music Video - Starring Justin Bieber),DJKhaledVEVO,2026728885,"BR, CA, DE, FR, GB, IN, JP, KR, MX, RU, US"
I3igok9jQIo,2020-09-04,BTS – “Dynamite”  (Live) | Press Play,Recording Academy / GRAMMYs,442675051,"BR, CA, DE, FR, GB, IN, JP, KR, MX, RU, US"
X-uJtV8ScYk,2020-09-14,Stray Kids Back Door M/V,JYP Entertainment,1566621574,"BR, CA, DE, FR, GB, IN, JP, KR, MX, RU, US"
b13xnFp_LJs,2020-09-16,Apple Event — September 15,Apple,730705920,"BR, CA, DE, FR, GB, IN, JP, KR, MX, RU, US"
MH_vjfNPv70,2020-09-17,BTS Performs Dynamite on AGT - America's Got Talent 2020,America's Got Talent,668652004,"BR, CA, DE, FR, GB, IN, JP, KR, MX, RU, US"
pvPsJFRGleA,2020-09-18,Justin Bieber - Holy ft. Chance The Rapper,JustinBieberVEVO,1734278782,"BR, CA, DE, FR, GB, IN, JP, KR, MX, RU, US"
-MyvZMiRGvE,2020-09-25,SuperM 슈퍼엠 ‘One (Monster & Infinity)’ MV,SMTOWN,418193384,"BR, CA, DE, FR, GB, IN, JP, KR, MX, RU, US"
BflFNMl_UWY,2020-09-27,BTS (방탄소년단) 'Dynamite' Official MV (Choreography ver.),Big Hit Labels,575246257,"BR, CA, DE, FR, GB, IN, JP, KR, MX, RU, US"
y5g-PTeDkwY,2020-09-29,"BTS, Jimmy Fallon and The Roots Sing Dynamite",The Tonight Show Starring Jimmy Fallon,115670514,"BR, CA, DE, FR, GB, IN, JP, KR, MX, RU, US"
MXFkjMNXfpY,2020-09-29,BTS: IDOL,The Tonight Show Starring Jimmy Fallon,167378730,"BR, CA, DE, FR, GB, IN, JP, KR, MX, RU, US"
dyRsYk0LyA8,2020-10-02,BLACKPINK – ‘Lovesick Girls’ M/V,BLACKPINK,8966192820,"BR, CA, DE, FR, GB, IN, JP, KR, MX, RU, US"
lPi7cQGNqcM,2020-10-05,BTS: Dynamite,The Tonight Show Starring Jimmy Fallon,394683023,"BR, CA, DE, FR, GB, IN, JP, KR, MX, RU, US"
Kw0Mvqpj3Rs,2020-10-06,BTS (방탄소년단) MAP OF THE SOUL ON:E Teaser 1,Big Hit Labels,470521414,"BR, CA, DE, FR, GB, IN, JP, KR, MX, RU, US"
tyrVtwE8Gv0,2020-10-13,NCT U 엔시티 유 'Make A Wish (Birthday Song)' MV,SMTOWN,2928174974,"BR, CA, DE, FR, GB, IN, JP, KR, MX, RU, US"
KR0g-1hnQPA,2020-10-14,Apple Event — October 13,Apple,3015536639,"BR, CA, DE, FR, GB, IN, JP, KR, MX, RU, US"
dfl9KIX1WpU,2020-10-20,[MV] 마마무 (MAMAMOO) - 딩가딩가 (Dingga),MAMAMOO,660775703,"BR, CA, DE, FR, GB, IN, JP, KR, MX, RU, US"
jRn6b7585es,2020-10-23,TWICE I CAN'T STOP ME M/V Platform Teaser,JYP Entertainment,613347436,"BR, CA, DE, FR, GB, IN, JP, KR, MX, RU, US"
tcYodQoapMg,2020-10-23,Ariana Grande - positions (official video),ArianaGrandeVevo,1841919376,"BR, CA, DE, FR, GB, IN, JP, KR, MX, RU, US"
CM4CkVFmTds,2020-10-26,TWICE I CAN'T STOP ME M/V,JYP Entertainment,2081050089,"BR, CA, DE, FR, GB, IN, JP, KR, MX, RU, US"
UoI9riNffEU,2020-11-03,[MV] 마마무 (MAMAMOO) - AYA,MAMAMOO,1032390433,"BR, CA, DE, FR, GB, IN, JP, KR, MX, RU, US"
ZeerrnuLi5E,2020-11-17,aespa 에스파 'Black Mamba' MV,SMTOWN,2313262406,"BR, CA, DE, FR, GB, IN, JP, KR, MX, RU, US"
Wq5S8Dt_HQE,2020-11-18,BTS (방탄소년단) 'Life Goes On' Official Teaser 1,Big Hit Labels,1206448752,"BR, CA, DE, FR, GB, IN, JP, KR, MX, RU, US"
t3KZnCgiMW0,2020-11-19,BTS (방탄소년단) 'Life Goes On' Official Teaser 2,Big Hit Labels,409482674,"BR, CA, DE, FR, GB, IN, JP, KR, MX, RU, US"
-5q5mZbe3V8,2020-11-20,BTS (방탄소년단) 'Life Goes On' Official MV,Big Hit Labels,8738933590,"BR, CA, DE, FR, GB, IN, JP, KR, MX, RU, US"
A5H8zBb3iao,2020-11-23,NCT U 엔시티 유 '90's Love' MV,SMTOWN,1451475960,"BR, CA, DE, FR, GB, IN, JP, KR, MX, RU, US"
VgVzTgjKZ7k,2020-12-01,BLACKPINK - THE INVITATION,BLACKPINK,205760260,"BR, CA, DE, FR, GB, IN, JP, KR, MX, RU, US"
RsEZmictANA,2020-12-11,taylor swift - willow (official music video),TaylorSwiftVEVO,1687035626,"BR, CA, DE, FR, GB, IN, JP, KR, MX, RU, US"
fn3KWM1kuAw,2020-12-31,Do You Love Me?,Boston Dynamics,134802580,"BR, CA, DE, FR, GB, IN, JP, KR, MX, RU, US"
fn3KWM1kuAw,2021-01-01,Do You Love Me?,Boston Dynamics,1356680304,"BR, CA, DE, FR, GB, IN, JP, KR, MX, RU, US"
LGkUW5cUPz8,2021-01-26,ROSÉ - COMING SOON TEASER,BLACKPINK,1413316109,"BR, CA, DE, FR, GB, IN, JP, KR, MX, RU, US"
1LMz6hgQtBM,2021-01-27,[PREVIEW] BTS (방탄소년단) '2021 BTS WINTER PACKAGE' SPOT,BANGTANTV,427578339,"BR, CA, DE, FR, GB, IN, JP, KR, MX, RU, US"
9rhadTURsrw,2021-02-08,The Weeknd’s FULL Pepsi Super Bowl LV Halftime Show,NFL,1764073976,"BR, CA, DE, FR, GB, IN, JP, KR, MX, RU, US"
ssq6X6alZ3w,2021-02-12,Ariana Grande - 34+35 Remix (feat. Doja Cat and Megan Thee Stallion) (Official Video),ArianaGrandeVevo,1466632661,"BR, CA, DE, FR, GB, IN, JP, KR, MX, RU, US"
p6OoY6xneI0,2021-02-22,SHINee 샤이니 'Don't Call Me' MV,SMTOWN,722199466,"BR, CA, DE, FR, GB, IN, JP, KR, MX, RU, US"
4czjS9h4Fpg,2021-02-24,Perseverance Rover’s Descent and Touchdown on Mars (Official NASA Video),NASA,572125971,"BR, CA, DE, FR, GB, IN, JP, KR, MX, RU, US"
OC29BN3R8dM,2021-02-25,BTS Performs “Telepathy” | MTV Unplugged Presents: BTS,MTV,191864167,"BR, CA, DE, FR, GB, IN, JP, KR, MX, RU, US"
ODY6JWzS8WU,2021-03-04,Starship | SN10 | High-Altitude Flight Test,SpaceX,460004563,"BR, CA, DE, FR, GB, IN, JP, KR, MX, RU, US"
_W8y2A9sK6s,2021-03-08,ROSÉ - 'On The Ground' M/V TEASER,BLACKPINK,506494423,"BR, CA, DE, FR, GB, IN, JP, KR, MX, RU, US"
CKZvWhCqx1s,2021-03-12,ROSÉ - 'On The Ground' M/V,BLACKPINK,6520838177,"BR, CA, DE, FR, GB, IN, JP, KR, MX, RU, US"
vFWv44Z4Jhk,2021-03-15,Dua Lipa - Levitating ft. DaBaby / Don't Start Now (Live at the GRAMMYs 2021),Dua Lipa,1399987171,"BR, CA, DE, FR, GB, IN, JP, KR, MX, RU, US"
E_SZ3ObGyTA,2021-03-26,BTS (방탄소년단) 'Film out' Official Teaser,Big Hit Labels,758149821,"BR, CA, DE, FR, GB, IN, JP, KR, MX, RU, US"
zFT3f9biz68,2021-04-02,BTS (방탄소년단) 'Film out' Official MV,HYBE LABELS,4825491823,"BR, CA, DE, FR, GB, IN, JP, KR, MX, RU, US"
JdBYVNuky1M,2021-04-21,Apple Event — April 20,Apple,614316206,"BR, CA, DE, FR, GB, IN, JP, KR, MX, RU, US"
hAxqygRdM4g,2021-04-22,Earth Day 2021 Doodle,GoogleDoodles,0,"BR, CA, DE, FR, GB, IN, JP, KR, MX, RU, US"
NLcim9EPx6c,2021-04-27,BTS (방탄소년단) 'Butter' Logo Trailer,BANGTANTV,489520220,"BR, CA, DE, FR, GB, IN, JP, KR, MX, RU, US"
_ysomCGaZLw,2021-05-01,ITZY 마.피.아. In the morning M/V,JYP Entertainment,4272631482,"BR, CA, DE, FR, GB, IN, JP, KR, MX, RU, US"
PkKnp4SdE-w,2021-05-10,NCT DREAM 엔시티 드림 '맛 (Hot Sauce)' MV,SMTOWN,4296697059,"BR, CA, DE, FR, GB, IN, JP, KR, MX, RU, US"
4TWR90KJl84,2021-05-17,aespa 에스파 'Next Level' MV,SMTOWN,2890521054,"BR, CA, DE, FR, GB, IN, JP, KR, MX, RU, US"
OOMxU9f1FBU,2021-05-19,BTS (방탄소년단) 'Butter' Official Teaser,HYBE LABELS,2185436122,"BR, CA, DE, FR, GB, IN, JP, KR, MX, RU, US"
WMweEpGlu_U,2021-05-21,BTS (방탄소년단) 'Butter' Official MV,HYBE LABELS,8043952605,"BR, CA, DE, FR, GB, IN, JP, KR, MX, RU, US"
YLXfyHsfFz0,2021-05-30,BTS (방탄소년단) 'Butter' Official MV (Hotter Remix),HYBE LABELS,882537213,"BR, CA, DE, FR, GB, IN, JP, KR, MX, RU, US"
SCijyd7-wMg,2021-06-01,TWICE Taste of Love First Tasting - Album Trailer,JYP Entertainment,500632478,"BR, CA, DE, FR, GB, IN, JP, KR, MX, RU, US"
6-kZmn54vOs,2021-06-07,TWICE Alcohol-Free M/V Teaser01,JYP Entertainment,970502293,"BR, CA, DE, FR, GB, IN, JP, KR, MX, RU, US"
ZGIY1agr3gg,2021-06-08,TWICE Alcohol-Free M/V Teaser02,JYP Entertainment,628019729,"BR, CA, DE, FR, GB, IN, JP, KR, MX, RU, US"
2IkoKhr6Tss,2021-06-08,EXO 엑소 'Don't fight the feeling' MV,SMTOWN,6553999685,"BR, CA, DE, FR, GB, IN, JP, KR, MX, RU, US"
XA2YEHn-A8Q,2021-06-10,TWICE Alcohol-Free M/V,JYP Entertainment,7325270549,"BR, CA, DE, FR, GB, IN, JP, KR, MX, RU, US"
orJSJGHjBLI,2021-06-25,Ed Sheeran - Bad Habits [Official Video],Ed Sheeran,720856586,"BR, CA, DE, FR, GB, IN, JP, KR, MX, RU, US"
iLycuRm1V0Q,2021-07-07,BTS (방탄소년단) 'Permission to Dance' Official Teaser,HYBE LABELS,1830030439,"BR, CA, DE, FR, GB, IN, JP, KR, MX, RU, US"
CuklIb9d3fI,2021-07-09,BTS (방탄소년단) 'Permission to Dance' Official MV,HYBE LABELS,12192757428,"BR, CA, DE, FR, GB, IN, JP, KR, MX, RU, US"
0xSFPome3Tc,2021-07-14,[CHOREOGRAPHY] BTS (방탄소년단) 'Permission to Dance' Dance Practice,BANGTANTV,1232686925,"BR, CA, DE, FR, GB, IN, JP, KR, MX, RU, US"
j_azcqt-tuM,2021-07-15,BTS: Permission to Dance (TV Debut) | The Tonight Show Starring Jimmy Fallon,The Tonight Show Starring Jimmy Fallon,901250833,"BR, CA, DE, FR, GB, IN, JP, KR, MX, RU, US"
_y9vYoBfVAY,2021-08-07,Join the BTS #PermissiontoDance Challenge only on YouTube #Shorts,YouTube,2009966116,"BR, CA, DE, FR, GB, IN, JP, KR, MX, RU, US"
DWR4OJavJ3o,2021-08-16,TXT (투모로우바이투게더) 'LO$ER=LO♡ER' Official Teaser,HYBE LABELS,219306692,"BR, CA, DE, FR, GB, IN, JP, KR, MX, RU, US"
c9RzZpV460k,2021-08-17,Red Velvet 레드벨벳 'Queendom' MV,SMTOWN,2557584986,"BR, CA, DE, FR, GB, IN, JP, KR, MX, RU, US"
JzODRUBBXpc,2021-08-18,TXT (투모로우바이투게더) 'LO$ER=LO♡ER' Official MV,HYBE LABELS,975291782,"BR, CA, DE, FR, GB, IN, JP, KR, MX, RU, US"
EaswWiwMVs8,2021-08-24,Stray Kids 소리꾼 M/V,JYP Entertainment,2317491643,"BR, CA, DE, FR, GB, IN, JP, KR, MX, RU, US"
gCszAvYz1Go,2021-08-28,LISA - FIRST SINGLE ALBUM LALISA VISUAL TEASER #1,BLACKPINK,368154959,"BR, CA, DE, FR, GB, IN, JP, KR, MX, RU, US"
ymaIzkXY8nQ,2021-08-28,BTS (방탄소년단) 'Butter (feat. Megan Thee Stallion)' Official Visualizer,HYBE LABELS,978334188,"BR, CA, DE, FR, GB, IN, JP, KR, MX, RU, US"
TBJVvyMBDdk,2021-09-03,BTS (방탄소년단) ‘Study with BTS’,BANGTANTV,442815659,"BR, CA, DE, FR, GB, IN, JP, KR, MX, RU, US"
08MCd75frA8,2021-09-08,LISA - 'LALISA' M/V TEASER,BLACKPINK,1280778729,"BR, CA, DE, FR, GB, IN, JP, KR, MX, RU, US"
IkeZX2hnoOk,2021-09-10,BTS (방탄소년단) 'Butter (feat. Megan Thee Stallion)' Special Performance Video,BANGTANTV,1374841387,"BR, CA, DE, FR, GB, IN, JP, KR, MX, RU, US"
qIQ3xNqkVC4,2021-09-10,Marvel's Spider-Man 2 - PlayStation Showcase 2021: Reveal Trailer | PS5,PlayStation,589531840,"BR, CA, DE, FR, GB, IN, JP, KR, MX, RU, US"
awkkyBH2zEo,2021-09-11,LISA - 'LALISA' M/V,BLACKPINK,10537911028,"BR, CA, DE, FR, GB, IN, JP, KR, MX, RU, US"
rZYxzen9uEA,2021-09-12,LISA: LALISA (TV Debut) | The Tonight Show Starring Jimmy Fallon,The Tonight Show Starring Jimmy Fallon,1036535364,"BR, CA, DE, FR, GB, IN, JP, KR, MX, RU, US"
XKfgdkcIUxw,2021-09-16,Introducing iPhone 13 Pro | Apple,Apple,860980146,"BR, CA, DE, FR, GB, IN, JP, KR, MX, RU, US"
1oYWnbTSang,2021-09-18,NCT 127 엔시티 127 'Sticker' MV,SMTOWN,3000460006,"BR, CA, DE, FR, GB, IN, JP, KR, MX, RU, US"
dNCWe_6HAM8,2021-09-24,LISA - 'MONEY' EXCLUSIVE PERFORMANCE VIDEO,BLACKPINK,2500084837,"BR, CA, DE, FR, GB, IN, JP, KR, MX, RU, US"
MjCZfZfucEc,2021-09-25,ITZY “LOCO” M/V,JYP Entertainment,2157853970,"BR, CA, DE, FR, GB, IN, JP, KR, MX, RU, US"
bZYPI4mYwhw,2021-09-25,Coldplay X BTS - My Universe (Official Lyric Video),Coldplay,1857226923,"BR, CA, DE, FR, GB, IN, JP, KR, MX, RU, US"
YnwoRxbU9Jc,2021-09-27,Coldplay and BTS Share New Song My Universe | Global Citizen Live,Global Citizen,121143887,"BR, CA, DE, FR, GB, IN, JP, KR, MX, RU, US"
THpDRLWaL-I,2021-09-28,Coldplay X BTS - My Universe (Official Acoustic Version),Coldplay,114827648,"BR, CA, DE, FR, GB, IN, JP, KR, MX, RU, US"
3YqPKLZF_WU,2021-10-01,Coldplay X BTS - My Universe (Official Video),Coldplay,2864056758,"BR, CA, DE, FR, GB, IN, JP, KR, MX, RU, US"
f5_wn8mexmM,2021-10-02,TWICE The Feels M/V,JYP Entertainment,3470392156,"BR, CA, DE, FR, GB, IN, JP, KR, MX, RU, US"
WPdWvnAAurg,2021-10-06,aespa 에스파 'Savage' MV,SMTOWN,4717639610,"BR, CA, DE, FR, GB, IN, JP, KR, MX, RU, US"
6IRsW_TkyVA,2021-10-13,ENHYPEN (엔하이픈) 'Tamed-Dashed' Official MV,HYBE LABELS,719901828,"BR, CA, DE, FR, GB, IN, JP, KR, MX, RU, US"
cC9aarA1Mhg,2021-10-16,BTS (방탄소년단) PERMISSION TO DANCE ON STAGE Official Teaser | We’re just getting started,HYBE LABELS,284139870,"BR, CA, DE, FR, GB, IN, JP, KR, MX, RU, US"
exM1uajp--A,2021-10-19,Apple Event — October 18,Apple,378286214,"BR, CA, DE, FR, GB, IN, JP, KR, MX, RU, US"
tJXPfNDVF4I,2021-10-23,"DJ Snake, Ozuna, Megan Thee Stallion, LISA of BLACKPINK - SG (Official Music Video)",DJSnakeVEVO,2378658173,"BR, CA, DE, FR, GB, IN, JP, KR, MX, RU, US"
rqVPhi0oTVU,2021-10-25,BLACKPINK Performs Stay | Dear Earth,BLACKPINK,333118567,"BR, CA, DE, FR, GB, IN, JP, KR, MX, RU, US"
Dgh2y5C_Xf0,2021-10-28,Clash Royale: The Champions Have Arrived! (Official Launch Trailer!),Clash Royale,263768395,"BR, CA, DE, FR, GB, IN, JP, KR, MX, RU, US"
vPwaXytZcgI,2021-11-13,TWICE “SCIENTIST” M/V,JYP Entertainment,3131055940,"BR, CA, DE, FR, GB, IN, JP, KR, MX, RU, US"
PTfPWxjgjoM,2021-11-23,BTS Accepts the 2021 American Music Award for Artist of the Year - The American Music Awards,ABC,162048906,"BR, CA, DE, FR, GB, IN, JP, KR, MX, RU, US"
9L3aw9PfDpw,2021-11-23,Coldplay X BTS - My Universe (Live at the AMAs),Coldplay,420133365,"BR, CA, DE, FR, GB, IN, JP, KR, MX, RU, US"
WI-0sKDT4iI,2021-11-25,BTS: Permission to Dance,The Late Late Show with James Corden,275323515,"BR, CA, DE, FR, GB, IN, JP, KR, MX, RU, US"
9MhwHkKW5UU,2021-12-12,"Brawl Stars: Brawl Talk - 2 NEW BRAWLERS, BRAWLIDAYS, AND MORE!",Brawl Stars,661250931,"BR, CA, DE, FR, GB, IN, JP, KR, MX, RU, US"
4oJ7gAdaU5A,2022-02-27,"Brawl Stars: Brawl Talk - Flying Brawler, Game Modes, and MORE!",Brawl Stars,134112326,"BR, CA, DE, FR, GB, IN, JP, KR, MX, RU, US"
4oJ7gAdaU5A,2022-03-01,"Brawl Stars: Brawl Talk - Flying Brawler, Game Modes, and MORE!",Brawl Stars,625771829,"BR, CA, DE, FR, GB, IN, JP, KR, MX, RU, US"
OvioeS1ZZ7o,2022-03-19,Stray Kids MANIAC M/V,JYP Entertainment,2892031347,"BR, CA, DE, FR, GB, IN, JP, KR, MX, RU, US"
R9At2ICm4LQ,2022-03-22,Red Velvet 레드벨벳 'Feel My Rhythm' MV,SMTOWN,1091755482,"BR, CA, DE, FR, GB, IN, JP, KR, MX, RU, US"
bTtNV6hgDno,2022-04-16,SEVENTEEN (세븐틴) 'Darl+ing' Official MV,HYBE LABELS,1110098484,"BR, CA, DE, FR, GB, IN, JP, KR, MX, RU, US"
S1xtMmidG2Y,2022-04-18,BTS (방탄소년단) We Are Bulletproof,BANGTANTV,311432815,"BR, CA, DE, FR, GB, IN, JP, KR, MX, RU, US"
HbkBVxU5K5A,2022-04-24,BTS (방탄소년단) 'Butter' @ The 64th GRAMMY Awards,BANGTANTV,356170219,"BR, CA, DE, FR, GB, IN, JP, KR, MX, RU, US"
z2JmKR_STSw,2022-04-24,"Brawl Stars: Brawl Talk - 2 Brawlers, Bot Drop Game Mode, Sprays, and MORE!",Brawl Stars,555339045,"BR, CA, DE, FR, GB, IN, JP, KR, MX, RU, US"
mkH7rVb6V68,2022-04-28,Introducing CLAN CAPITAL! Clash of Clans Developer Update,Clash of Clans,118155287,"BR, CA, DE, FR, GB, IN, JP, KR, MX, RU, US"
OHUsPiXfcfM,2022-04-29,[SPECIAL CLIP] BTS (방탄소년단) ‘Chicken Noodle Soup’ @ BTS 2021 MUSTER SOWOOZOO,BANGTANTV,84712633,"BR, CA, DE, FR, GB, IN, JP, KR, MX, RU, US"
osa7x8qUVec,2022-04-29,PSY - 'That That (prod. & feat. SUGA of BTS)' MV Teaser 3,officialpsy,174520162,"BR, CA, DE, FR, GB, IN, JP, KR, MX, RU, US"
8dJyRm2jJ-U,2022-04-30,PSY - 'That That (prod. & feat. SUGA of BTS)' MV,officialpsy,355127234,"BR, CA, DE, FR, GB, IN, JP, KR, MX, RU, US"
8dJyRm2jJ-U,2022-05-01,PSY - 'That That (prod. & feat. SUGA of BTS)' MV,officialpsy,7627614400,"BR, CA, DE, FR, GB, IN, JP, KR, MX, RU, US"
4vbDFu0PUew,2022-05-03,LE SSERAFIM FEARLESS OFFICIAL M/V,HYBE LABELS,3124652169,"BR, CA, DE, FR, GB, IN, JP, KR, MX, RU, US"
jeVqPpWlPxg,2022-05-05,BTS (방탄소년단) ‘Proof’ Logo Trailer,BANGTANTV,508661201,"BR, CA, DE, FR, GB, IN, JP, KR, MX, RU, US"
Os_6c5j6YiQ,2022-05-10,TXT (투모로우바이투게더) 'Good Boy Gone Bad' Official MV,HYBE LABELS,1364953784,"BR, CA, DE, FR, GB, IN, JP, KR, MX, RU, US"
OXHCt8Ym9gw,2022-06-08,BTS (방탄소년단) 'Yet To Come (The Most Beautiful Moment)' Official Teaser,HYBE LABELS,1374750726,"BR, CA, DE, FR, GB, IN, JP, KR, MX, RU, US"
QhRM-X9kqFs,2022-06-10,BTS (방탄소년단) 'Yet To Come' Pre-release Listening Party,BANGTANTV,280438472,"BR, CA, DE, FR, GB, IN, JP, KR, MX, RU, US"
kXpOEzNZ8hQ,2022-06-10,BTS (방탄소년단) 'Yet To Come (The Most Beautiful Moment)' Official MV,HYBE LABELS,7209712725,"BR, CA, DE, FR, GB, IN, JP, KR, MX, RU, US"
_yTP_L8fC-k,2022-06-13,My You by Jung Kook #2022BTSFESTA,BANGTANTV,493943022,"BR, CA, DE, FR, GB, IN, JP, KR, MX, RU, US"
7nQB6dfzS5k,2022-06-23,NAYEON POP! M/V Teaser 2,JYP Entertainment,266347322,"BR, CA, DE, FR, GB, IN, JP, KR, MX, RU, US"
a7GITgqwDVg,2022-06-25,Charlie Puth - Left And Right (feat. Jung Kook of BTS) [Official Video],Charlie Puth,2172331162,"BR, CA, DE, FR, GB, IN, JP, KR, MX, RU, US"
f6YDKF0LVWw,2022-06-25,NAYEON POP! M/V,JYP Entertainment,1904646505,"BR, CA, DE, FR, GB, IN, JP, KR, MX, RU, US"
z2ZjutyxmjA,2022-06-25,aespa 에스파 'Life's Too Short (English Ver.)' MV,SMTOWN,1312573039,"BR, CA, DE, FR, GB, IN, JP, KR, MX, RU, US"
DY6bzDVN7Og,2022-06-26,"Brawl Stars: Brawl Talk - New Brawler, Remodel, and lots of improvements!",Brawl Stars,358911915,"BR, CA, DE, FR, GB, IN, JP, KR, MX, RU, US"
pKdBFeewZYE,2022-07-02,j-hope 'MORE' Official MV,HYBE LABELS,2789356979,"BR, CA, DE, FR, GB, IN, JP, KR, MX, RU, US"
dYRITmpFbJ4,2022-07-10,aespa 에스파 'Girls' MV,SMTOWN,4469531335,"BR, CA, DE, FR, GB, IN, JP, KR, MX, RU, US"
Hbb5GPxXF1w,2022-07-16,ITZY “SNEAKERS” M/V @ITZY,JYP Entertainment,4176302783,"BR, CA, DE, FR, GB, IN, JP, KR, MX, RU, US"
o3V-GvvzjE4,2022-07-21,FIFA 23 Reveal Trailer | The World’s Game,EA SPORTS FIFA,227976376,"BR, CA, DE, FR, GB, IN, JP, KR, MX, RU, US"
7WyHtSlvHD4,2022-07-30,BLACKPINK X PUBG MOBILE - ‘Ready For Love’ M/V,BLACKPINK,529630786,"BR, CA, DE, FR, GB, IN, JP, KR, MX, RU, US"
nxs0RHpT_Hg,2022-08-01,BLACKPINK - 'BORN PINK' ANNOUNCEMENT TRAILER,BLACKPINK,1143747805,"BR, CA, DE, FR, GB, IN, JP, KR, MX, RU, US"
7WyHtSlvHD4,2022-08-01,BLACKPINK X PUBG MOBILE - ‘Ready For Love’ M/V,BLACKPINK,2252982688,"BR, CA, DE, FR, GB, IN, JP, KR, MX, RU, US"
vpVBRTXpJeI,2022-08-12,BLACKPINK - 'Pink Venom' JISOO Concept Teaser,BLACKPINK,519889043,"BR, CA, DE, FR, GB, IN, JP, KR, MX, RU, US"
UTCC8k6KwnQ,2022-08-17,BLACKPINK - ‘Pink Venom’ M/V TEASER,BLACKPINK,1609651788,"BR, CA, DE, FR, GB, IN, JP, KR, MX, RU, US"
gQlMMD8auMs,2022-08-19,BLACKPINK - ‘Pink Venom’ M/V,BLACKPINK,16284731980,"BR, CA, DE, FR, GB, IN, JP, KR, MX, RU, US"
k6jqx9kZgPM,2022-08-27,TWICE Talk that Talk M/V,JYP Entertainment,1773728686,"BR, CA, DE, FR, GB, IN, JP, KR, MX, RU, US"
5dD-Mkfuxlk,2022-08-30,BLACKPINK Performs Pink Venom | 2022 VMAs,MTV,354270685,"BR, CA, DE, FR, GB, IN, JP, KR, MX, RU, US"
ux6zXguiqxM,2022-09-08,Apple Event — September 7,Apple,2318479722,"BR, CA, DE, FR, GB, IN, JP, KR, MX, RU, US"
FRilMXZqNhA,2022-09-16,NCT 127 엔시티 127 '질주 (2 Baddies)' MV,SMTOWN,4300226995,"BR, CA, DE, FR, GB, IN, JP, KR, MX, RU, US"
POe9SOEKotk,2022-09-16,BLACKPINK - ‘Shut Down’ M/V,BLACKPINK,9568137711,"BR, CA, DE, FR, GB, IN, JP, KR, MX, RU, US"
jYSlpC6Ud2A,2022-10-08,Stray Kids CASE 143 M/V,JYP Entertainment,2872968529,"BR, CA, DE, FR, GB, IN, JP, KR, MX, RU, US"
Vz508O9NNTg,2022-10-12,[MV] 마마무 (MAMAMOO) - ILLELLA (일낼라),MAMAMOO,1040439695,"BR, CA, DE, FR, GB, IN, JP, KR, MX, RU, US"
pyf8cbqyfPs,2022-10-17,LE SSERAFIM (르세라핌) 'ANTIFRAGILE' OFFICIAL M/V,HYBE LABELS,2238235895,"BR, CA, DE, FR, GB, IN, JP, KR, MX, RU, US"
LJD49PgX3AM,2022-10-27,진 (Jin) 'The Astronaut' Official Teaser,HYBE LABELS,197477850,"BR, CA, DE, FR, GB, IN, JP, KR, MX, RU, US"
c6ASQOwKkhk,2022-10-29,진 (Jin) 'The Astronaut' Official MV,HYBE LABELS,800650991,"BR, CA, DE, FR, GB, IN, JP, KR, MX, RU, US"
aqW4xXUgmno,2022-11-14,[CHOREOGRAPHY] BTS (방탄소년단) '달려라 방탄 (Run BTS)' Dance Practice,BANGTANTV,1693192429,"BR, CA, DE, FR, GB, IN, JP, KR, MX, RU, US"
Jm29kLeWqDA,2022-11-21,Jung Kook from BTS performs 'Dreamers' at FIFA World Cup opening ceremony,FIFA,2079676710,"BR, CA, DE, FR, GB, IN, JP, KR, MX, RU, US"
IwzkfMmNMpM,2022-11-23,정국 Jung Kook (of BTS) featuring Fahad Al Kubaisi - Dreamers | FIFA World Cup 2022 Soundtrack,FIFA,1869676625,"BR, CA, DE, FR, GB, IN, JP, KR, MX, RU, US"
IJks7TIDfnk,2022-11-30,[2022 MAMA] IVE&Kep1er&NMIXX&LESSERAFIM&NewJeans-ELEVEN+WADADA+O.O+FEARLESS+HypeBoy | Mnet 221129 방송,Mnet K-POP,42724253,"BR, CA, DE, FR, GB, IN, JP, KR, MX, RU, US"
zugAhfd2r0g,2022-12-01,ITZY “Cheshire” M/V @ITZY,JYP Entertainment,2715057355,"BR, CA, DE, FR, GB, IN, JP, KR, MX, RU, US"
IJks7TIDfnk,2022-12-01,[2022 MAMA] IVE&Kep1er&NMIXX&LESSERAFIM&NewJeans-ELEVEN+WADADA+O.O+FEARLESS+HypeBoy | Mnet 221129 방송,Mnet K-POP,479479411,"BR, CA, DE, FR, GB, IN, JP, KR, MX, RU, US"
u18be_kRmC0,2022-12-03,RM '들꽃놀이 (with 조유진)' Official MV,HYBE LABELS,1699864089,"BR, CA, DE, FR, GB, IN, JP, KR, MX, RU, US"
_ZAgIHmHLdc,2023-01-03,NewJeans (뉴진스) 'OMG' Official MV,HYBE LABELS,973829195,"BR, CA, DE, FR, GB, IN, JP, KR, MX, RU, US"
rcNPgc7hPBI,2023-01-19,TWICE Pre-release english track MOONLIGHT SUNRISE M/V Teaser 2,JYP Entertainment,215393600,"BR, CA, DE, FR, GB, IN, JP, KR, MX, RU, US"
cKlEE_EYuNM,2023-01-21,TWICE Pre-release english track MOONLIGHT SUNRISE M/V,JYP Entertainment,2772594411,"BR, CA, DE, FR, GB, IN, JP, KR, MX, RU, US"
P9tKTxbgdkk,2023-01-28,TXT (투모로우바이투게더) 'Sugar Rush Ride' Official MV,HYBE LABELS,1339813957,"BR, CA, DE, FR, GB, IN, JP, KR, MX, RU, US"
r6WbbU_lLCA,2023-03-04,j-hope 'on the street (with J. Cole)' Official MV,HYBE LABELS,1408170696,"BR, CA, DE, FR, GB, IN, JP, KR, MX, RU, US"
w4cTYnOPdNk,2023-03-11,TWICE SET ME FREE M/V,JYP Entertainment,2849264599,"BR, CA, DE, FR, GB, IN, JP, KR, MX, RU, US"
zlTIextYnyQ,2023-03-14,KAI 카이 'Rover' MV,SMTOWN,776864594,"BR, CA, DE, FR, GB, IN, JP, KR, MX, RU, US"
lwwrbsB342A,2023-03-15,지민 (Jimin) 'Set Me Free Pt.2' Official Teaser,HYBE LABELS,538716364,"BR, CA, DE, FR, GB, IN, JP, KR, MX, RU, US"
UaywgAqcLxI,2023-03-18,지민 (Jimin) 'Set Me Free Pt.2' Official MV,HYBE LABELS,3054114994,"BR, CA, DE, FR, GB, IN, JP, KR, MX, RU, US"
nOI67IDlNMQ,2023-03-25,지민 (Jimin) 'Like Crazy' Official MV,HYBE LABELS,1504631056,"BR, CA, DE, FR, GB, IN, JP, KR, MX, RU, US"
GXevNfUAtIs,2023-03-26,Jimin: Like Crazy | The Tonight Show Starring Jimmy Fallon,The Tonight Show Starring Jimmy Fallon,273231548,"BR, CA, DE, FR, GB, IN, JP, KR, MX, RU, US"
LLWZOF7DiVg,2023-03-29,JISOO - ‘꽃(FLOWER)’ M/V TEASER,BLACKPINK,321620126,"BR, CA, DE, FR, GB, IN, JP, KR, MX, RU, US"
YudHcBIxlYw,2023-04-01,JISOO - ‘꽃(FLOWER)’ M/V,BLACKPINK,11557003630,"BR, CA, DE, FR, GB, IN, JP, KR, MX, RU, US"
uVD-YgzDzyY,2023-04-08,Agust D '사람 Pt.2 (feat. 아이유)' Official MV,HYBE LABELS,957147618,"BR, CA, DE, FR, GB, IN, JP, KR, MX, RU, US"
iy9qZR_OGa0,2023-04-22,Agust D '해금' Official MV,HYBE LABELS,1701795100,"BR, CA, DE, FR, GB, IN, JP, KR, MX, RU, US"
iQwhRLVIjwU,2023-04-23,"Brawl Stars: Brawl Talk - BLING! 2 Brawlers, a new Showdown, and MORE!",Brawl Stars,321276175,"BR, CA, DE, FR, GB, IN, JP, KR, MX, RU, US"
6emgiatRGu4,2023-04-28,Stray Kids ★★★★★ (5-STAR) Trailer,JYP Entertainment,110888932,"BR, CA, DE, FR, GB, IN, JP, KR, MX, RU, US"
Os_heh8vPfs,2023-05-09,aespa 에스파 'Spicy' MV,SMTOWN,4153604487,"BR, CA, DE, FR, GB, IN, JP, KR, MX, RU, US"
JsOOis4bBFg,2023-06-03,Stray Kids 특(S-Class) M/V,JYP Entertainment,3205321973,"BR, CA, DE, FR, GB, IN, JP, KR, MX, RU, US"
TX9qSaGXFyg,2023-06-07,Introducing Apple Vision Pro,Apple,2955118752,"BR, CA, DE, FR, GB, IN, JP, KR, MX, RU, US"
48h57PspBec,2023-06-11,"$1 vs $1,000,000,000 Yacht!",MrBeast,9887980923,"BR, CA, DE, FR, GB, IN, JP, KR, MX, RU, US"
91VhCIQNjIc,2023-06-13,EXO 엑소 'Let Me In' MV,SMTOWN,481441109,"BR, CA, DE, FR, GB, IN, JP, KR, MX, RU, US"
owjVpYCmwcg,2023-06-14,BTS (방탄소년단) 'Take Two' Live Clip #2023BTSFESTA,BANGTANTV,748077053,"BR, CA, DE, FR, GB, IN, JP, KR, MX, RU, US"
RmTq3cJqyCo,2023-07-03,ITZY “BET ON ME” M/V  @ITZY,JYP Entertainment,650360868,"BR, CA, DE, FR, GB, IN, JP, KR, MX, RU, US"
i5nUufn_FmE,2023-07-11,EXO 엑소 'Cream Soda' MV,SMTOWN,875621540,"BR, CA, DE, FR, GB, IN, JP, KR, MX, RU, US"
QBuhCvG1v7o,2023-07-13,정국 (Jung Kook) 'Seven (feat. Latto)' Official Teaser,HYBE LABELS,794207852,"BR, CA, DE, FR, GB, IN, JP, KR, MX, RU, US"
a0JX16JNm24,2023-07-15,Jung Kook of BTS performs ‘Euphoria’ l GMA,Good Morning America,228154934,"BR, CA, DE, FR, GB, IN, JP, KR, MX, RU, US"
QU9c0053UAU,2023-07-15,정국 (Jung Kook) 'Seven (feat. Latto)' Official MV,HYBE LABELS,8180027811,"BR, CA, DE, FR, GB, IN, JP, KR, MX, RU, US"
x6mc_rRwD3A,2023-07-15,Jung Kook of BTS performs ‘Seven’ in NYC l GMA,Good Morning America,634732902,"BR, CA, DE, FR, GB, IN, JP, KR, MX, RU, US"
1QYBiNRu1ok,2023-07-16,정국 (Jung Kook) 'Seven (feat. Latto)' Official Performance Video,BANGTANTV,1286023125,"BR, CA, DE, FR, GB, IN, JP, KR, MX, RU, US"
0bIRwBpBcZQ,2023-08-01,ITZY “CAKE” M/V @ITZY,JYP Entertainment,1260528497,"BR, CA, DE, FR, GB, IN, JP, KR, MX, RU, US"
yhB3BgJyGl8,2023-08-06,7 Days Stranded At Sea,MrBeast,12107691106,"BR, CA, DE, FR, GB, IN, JP, KR, MX, RU, US"
jObOjhUkf50,2023-08-15,"$1 vs $250,000 Vacation!",MrBeast,10830245310,"BR, CA, DE, FR, GB, IN, JP, KR, MX, RU, US"
jyw_vrI4ySg,2023-08-19,JIHYO Killin' Me Good M/V,JYP Entertainment,701173399,"BR, CA, DE, FR, GB, IN, JP, KR, MX, RU, US"
J_z-W4UVHkw,2023-08-20,"Every Country On Earth Fights For $250,000!",MrBeast,8307291910,"BR, CA, DE, FR, GB, IN, JP, KR, MX, RU, US"
S49Q20s_xKo,2023-09-03,"Brawl Stars: Brawl Talk - HYPERCHARGE, Mecha Skin and more Road Map!",Brawl Stars,341496658,"BR, CA, DE, FR, GB, IN, JP, KR, MX, RU, US"
eI0iTRS0Ha8,2023-09-10,V 'Slow Dancing' Official MV,HYBE LABELS,1490562228,"BR, CA, DE, FR, GB, IN, JP, KR, MX, RU, US"
M6wpkLCiHoI,2023-09-12,[슈취타] EP.18 SUGA with V,BANGTANTV,311823421,"BR, CA, DE, FR, GB, IN, JP, KR, MX, RU, US"
KrLj6nc516A,2023-09-18,"$1 Vs $100,000,000 Car!",MrBeast,8445542410,"BR, CA, DE, FR, GB, IN, JP, KR, MX, RU, US"
jb_gyd9c9gk,2023-09-28,정국 (Jung Kook) '3D (feat. Jack Harlow)' Official Teaser,HYBE LABELS,135044729,"BR, CA, DE, FR, GB, IN, JP, KR, MX, RU, US"
mHNCM-YALSA,2023-09-29,정국 (Jung Kook) '3D (feat. Jack Harlow)' Official MV,HYBE LABELS,187390327,"BR, CA, DE, FR, GB, IN, JP, KR, MX, RU, US"
mHNCM-YALSA,2023-10-01,정국 (Jung Kook) '3D (feat. Jack Harlow)' Official MV,HYBE LABELS,2536612064,"BR, CA, DE, FR, GB, IN, JP, KR, MX, RU, US"
Z3x9i7njCCo,2023-10-01,정국 (Jung Kook) '3D (feat. Jack Harlow)' Official Live Performance Video,BANGTANTV,878927108,"BR, CA, DE, FR, GB, IN, JP, KR, MX, RU, US"
eQNHDV7lKgE,2023-10-06,JENNIE - ‘You & Me’ DANCE PERFORMANCE VIDEO,BLACKPINK,2571188905,"BR, CA, DE, FR, GB, IN, JP, KR, MX, RU, US"
3OFj6l2tQ9s,2023-10-08,World's Most Dangerous Trap!,MrBeast,10905745545,"BR, CA, DE, FR, GB, IN, JP, KR, MX, RU, US"
fpk6itC2Pq0,2023-10-08,skibidi toilet 65,DaFuq!?Boom!,4242180126,"BR, CA, DE, FR, GB, IN, JP, KR, MX, RU, US"
3ryID_SwU5E,2023-10-15,"$1 Vs $100,000,000 House!",MrBeast,9119897253,"BR, CA, DE, FR, GB, IN, JP, KR, MX, RU, US"
QMBF9dvMyO8,2023-10-22,"Brawl Stars: Brawl Talk - MEGA PIG, Spider Brawler, and BIZARRE Skins!",Brawl Stars,368070520,"BR, CA, DE, FR, GB, IN, JP, KR, MX, RU, US"
QjvpjXdgugA,2023-10-30,World’s Deadliest Laser Maze!,MrBeast,1554283440,"BR, CA, DE, FR, GB, IN, JP, KR, MX, RU, US"
ctkW3V0Mh-k,2023-11-01,Apple Event - October 30,Apple,537655893,"BR, CA, DE, FR, GB, IN, JP, KR, MX, RU, US"
SfoPTgt4jXs,2023-11-02,New Champion Arrives! Little Prince! (Unlock for Free!),Clash Royale,278758666,"BR, CA, DE, FR, GB, IN, JP, KR, MX, RU, US"
UNo0TG9LwwI,2023-11-04,정국 (Jung Kook) 'Standing Next to You' Official MV,HYBE LABELS,2138550427,"BR, CA, DE, FR, GB, IN, JP, KR, MX, RU, US"
6QzMbiPgYOg,2023-11-08,Jung Kook: Standing Next to You | The Tonight Show Starring Jimmy Fallon,The Tonight Show Starring Jimmy Fallon,339427076,"BR, CA, DE, FR, GB, IN, JP, KR, MX, RU, US"
geHuX7E3NX8,2023-11-10,"Jung Kook Live at TSX, Times Square",BANGTANTV,468702795,"BR, CA, DE, FR, GB, IN, JP, KR, MX, RU, US"
dBDkYofMUs4,2023-11-11,Stray Kids 락 (樂) (LALALALA) M/V,JYP Entertainment,3476294401,"BR, CA, DE, FR, GB, IN, JP, KR, MX, RU, US"
Wdjh81uH6FU,2023-11-26,"$1 vs $10,000,000 Job!",MrBeast,3258117768,"BR, CA, DE, FR, GB, IN, JP, KR, MX, RU, US"
IiFSGjWXq0c,2023-12-03,skibidi toilet 68 (part 1),DaFuq!?Boom!,1452158265,"BR, CA, DE, FR, GB, IN, JP, KR, MX, RU, US"
tnTPaLOaHz8,2023-12-03,"$10,000 Every Day You Survive In A Grocery Store",MrBeast,3328025161,"BR, CA, DE, FR, GB, IN, JP, KR, MX, RU, US"
QdBZY2fkU-0,2023-12-05,Grand Theft Auto VI Trailer 1,Rockstar Games,2725620126,"BR, CA, DE, FR, GB, IN, JP, KR, MX, RU, US"
